"2023-01-22 18:15:17.048207",22,Generated location"2023-01-22 18:15:22.210211",292,Generated Character"2023-01-22 18:38:56.962749",11,Generated Name"2023-01-22 18:38:57.253655",9,Generated gender"2023-01-22 18:38:57.728205",14,Generated age"2023-01-22 18:38:58.419604",11,Generated occupation"2023-01-22 18:38:58.996461",14,Generated height"2023-01-22 18:38:59.263515",11,Generated hair_color"2023-01-22 18:39:00.761172",22,Generated location"2023-01-22 18:39:05.197935",263,Generated Character"2023-01-22 18:52:37.187018",211,Generated Character2023-01-23 02:56:32.275964,14,Generated age
2023-01-23 02:56:32.838801,10,Generated occupation
2023-01-23 02:56:33.592063,14,Generated height
2023-01-23 02:56:34.074746,11,Generated hair_color
2023-01-23 02:56:37.096680,206,Generated Character
2023-01-23 03:15:34.681614,238,Generated Character
2023-01-23 03:18:41.781130,13,"Generated Name 

Wee John"
2023-01-23 03:18:46.803422,235,Generated Character
2023-01-23 03:18:47.238862,11,"Generated Name 

Anthony"
2023-01-23 03:18:51.447798,218,Generated Character
2023-01-25 16:48:18.728620,14,Generated height
2023-01-25 16:48:19.846352,24,Generated location
2023-01-25 16:48:30.965635,305,Generated Character
